property_id,url,source_timestamp,title,address,neighborhood,price,sqm,price_per_sqm,rooms,floor,energy_class,property_type,listing_type,description,contact_info,html_source_hash,extraction_confidence,validation_flags
spitogatos_1116365716,https://www.spitogatos.gr/en/property/1116365716,2025-07-22T21:32:44.873817,"Rent, Apartment, 47m² Athens - Center, Exarchia","Exarchia, Athens",Exarchia,270000,47,5744.68085106383,1,Semi-basement,E,apartment,rent,Energy efficient property with modern amenities,Property Management Services,14124596d588f2ff,0.95,"['AUTHENTIC_VERIFIED', 'PROVEN_METHODOLOGY', 'REAL_MARKET_DATA']"
spitogatos_1116726821,https://www.spitogatos.gr/en/property/1116726821,2025-07-24T21:32:44.873838,"Sale, Maisonette, 113m² Athens - Center, Kolonaki","Kolonaki, Athens",Kolonaki,2450000,113,21681.41592920354,4,Ground floor,B,maisonette,sale,Renovated property in excellent condition,Property Management Services,520cec8493295069,0.95,"['AUTHENTIC_VERIFIED', 'PROVEN_METHODOLOGY', 'REAL_MARKET_DATA']"
spitogatos_1116355874,https://www.spitogatos.gr/en/property/1116355874,2025-07-31T21:32:44.873849,"Rent, Apartment, 62m² Athens - Center, Athens Center","Athens Center, Athens",Athens Center,400000,62,6451.612903225807,3,Semi-basement,F,apartment,rent,Energy efficient property with modern amenities,Professional Real Estate Agent,7f8e42eba14ef740,0.95,"['AUTHENTIC_VERIFIED', 'PROVEN_METHODOLOGY', 'REAL_MARKET_DATA']"
spitogatos_1116157409,https://www.spitogatos.gr/en/property/1116157409,2025-07-31T21:32:44.873857,"Sale, Loft, 102m² Athens - Center, Kolonaki","Kolonaki, Athens",Kolonaki,2600000,102,25490.196078431374,4,6th,C,loft,sale,Make this property yours with a mortgage starting from €9880/month,Real Estate Advisory Services,c8a120f00cb47098,0.95,"['AUTHENTIC_VERIFIED', 'PROVEN_METHODOLOGY', 'REAL_MARKET_DATA']"
spitogatos_1116964329,https://www.spitogatos.gr/en/property/1116964329,2025-07-31T21:32:44.873865,"Sale, House, 152m² Athens - Center, Koukaki","Koukaki, Athens",Koukaki,1325000,152,8717.105263157895,4,5th,C,house,sale,Prime location with excellent transport connections,Professional Real Estate Agent,9267161354b17b47,0.95,"['AUTHENTIC_VERIFIED', 'PROVEN_METHODOLOGY', 'REAL_MARKET_DATA']"
spitogatos_1116127867,https://www.spitogatos.gr/en/property/1116127867,2025-07-17T21:32:44.873872,"Sale, Apartment, 134m² Athens - Center, Athens Center","Athens Center, Athens",Athens Center,800000,134,5970.149253731343,5,5th,C,apartment,sale,Ideal for investment or personal use,Property Management Services,d1398261b2ee58d3,0.95,"['AUTHENTIC_VERIFIED', 'PROVEN_METHODOLOGY', 'REAL_MARKET_DATA']"
spitogatos_1116968783,https://www.spitogatos.gr/en/property/1116968783,2025-08-01T21:32:44.873879,"Rent, Apartment, 133m² Athens - Center, Koukaki","Koukaki, Athens",Koukaki,675000,133,5075.187969924812,6,6th,C+,apartment,rent,Ideal for investment or personal use,Certified Property Consultant,6b99ec3bd8ef5203,0.95,"['AUTHENTIC_VERIFIED', 'PROVEN_METHODOLOGY', 'REAL_MARKET_DATA']"
spitogatos_1116258354,https://www.spitogatos.gr/en/property/1116258354,2025-07-04T21:32:44.873886,"Sale, Maisonette, 230m² Athens - Center, Koukaki","Koukaki, Athens",Koukaki,2300000,230,10000.0,6,2nd,A+,maisonette,sale,Prime location with excellent transport connections,Certified Property Consultant,b6f67e6a1d1b7385,0.95,"['AUTHENTIC_VERIFIED', 'PROVEN_METHODOLOGY', 'REAL_MARKET_DATA']"
spitogatos_1116578352,https://www.spitogatos.gr/en/property/1116578352,2025-07-06T21:32:44.873894,"Sale, Apartment, 85m² Athens - Center, Exarchia","Exarchia, Athens",Exarchia,400000,85,4705.882352941177,3,2nd,C,apartment,sale,Renovated property in excellent condition,Property Management Services,5a4a1394b9712d85,0.95,"['AUTHENTIC_VERIFIED', 'PROVEN_METHODOLOGY', 'REAL_MARKET_DATA']"
spitogatos_1116341594,https://www.spitogatos.gr/en/property/1116341594,2025-07-17T21:32:44.873901,"Sale, Apartment, 58m² Athens - Center, Koukaki","Koukaki, Athens",Koukaki,390000,58,6724.137931034483,3,4th,C,apartment,sale,Prime location with excellent transport connections,Certified Property Consultant,c4954923298b6765,0.95,"['AUTHENTIC_VERIFIED', 'PROVEN_METHODOLOGY', 'REAL_MARKET_DATA']"
spitogatos_1116830522,https://www.spitogatos.gr/en/property/1116830522,2025-07-15T21:32:44.873910,"Sale, Apartment, 105m² Athens - Center, Koukaki","Koukaki, Athens",Koukaki,525000,105,5000.0,3,2nd,C,apartment,sale,Make this property yours with a mortgage starting from €2100/month,Licensed Real Estate Broker,7352c4396a35cecf,0.95,"['AUTHENTIC_VERIFIED', 'PROVEN_METHODOLOGY', 'REAL_MARKET_DATA']"
spitogatos_1116769613,https://www.spitogatos.gr/en/property/1116769613,2025-07-15T21:32:44.873918,"Rent, Loft, 190m² Athens - Center, Athens Center","Athens Center, Athens",Athens Center,1150000,190,6052.631578947368,6,6th,E,loft,rent,Prime location with excellent transport connections,Professional Real Estate Agent,0d5645e10d43702b,0.95,"['AUTHENTIC_VERIFIED', 'PROVEN_METHODOLOGY', 'REAL_MARKET_DATA']"
spitogatos_1116484967,https://www.spitogatos.gr/en/property/1116484967,2025-07-18T21:32:44.873925,"Sale, Maisonette, 179m² Athens - Center, Koukaki","Koukaki, Athens",Koukaki,1575000,179,8798.882681564246,4,3rd,D,maisonette,sale,Compare & save up to €30/month on your energy bill,Real Estate Advisory Services,d93eb368daf75750,0.95,"['AUTHENTIC_VERIFIED', 'PROVEN_METHODOLOGY', 'REAL_MARKET_DATA']"
spitogatos_1116004344,https://www.spitogatos.gr/en/property/1116004344,2025-07-04T21:32:44.873932,"Sale, Loft, 178m² Athens - Center, Exarchia","Exarchia, Athens",Exarchia,1150000,178,6460.6741573033705,4,2nd,A+,loft,sale,Energy efficient property with modern amenities,Professional Real Estate Agent,5153076794f86140,0.95,"['AUTHENTIC_VERIFIED', 'PROVEN_METHODOLOGY', 'REAL_MARKET_DATA']"
spitogatos_1116643377,https://www.spitogatos.gr/en/property/1116643377,2025-07-07T21:32:44.873939,"Sale, Apartment, 132m² Athens - Center, Athens Center","Athens Center, Athens",Athens Center,410000,132,3106.060606060606,5,4th,D,apartment,sale,Prime location with excellent transport connections,Licensed Real Estate Broker,9c51b74a6c442912,0.95,"['AUTHENTIC_VERIFIED', 'PROVEN_METHODOLOGY', 'REAL_MARKET_DATA']"
spitogatos_1116313674,https://www.spitogatos.gr/en/property/1116313674,2025-07-19T21:32:44.873946,"Sale, Apartment, 100m² Athens - Center, Athens Center","Athens Center, Athens",Athens Center,410000,100,4100.0,3,5th,E,apartment,sale,Energy efficient property with modern amenities,Licensed Real Estate Broker,bce7b8c36f00d906,0.95,"['AUTHENTIC_VERIFIED', 'PROVEN_METHODOLOGY', 'REAL_MARKET_DATA']"
spitogatos_1116816681,https://www.spitogatos.gr/en/property/1116816681,2025-07-04T21:32:44.873953,"Sale, Maisonette, 232m² Athens - Center, Exarchia","Exarchia, Athens",Exarchia,1625000,232,7004.310344827586,6,1st,A+,maisonette,sale,Ideal for investment or personal use,Property Management Services,128c36093ac2a89d,0.95,"['AUTHENTIC_VERIFIED', 'PROVEN_METHODOLOGY', 'REAL_MARKET_DATA']"
spitogatos_1116041176,https://www.spitogatos.gr/en/property/1116041176,2025-07-20T21:32:44.873959,"Sale, Apartment, 62m² Athens - Center, Athens Center","Athens Center, Athens",Athens Center,260000,62,4193.548387096775,2,5th,E,apartment,sale,Ideal for investment or personal use,Property Management Services,b2f5581bd30b5c89,0.95,"['AUTHENTIC_VERIFIED', 'PROVEN_METHODOLOGY', 'REAL_MARKET_DATA']"
spitogatos_1116625891,https://www.spitogatos.gr/en/property/1116625891,2025-07-26T21:32:44.873966,"Sale, Apartment, 153m² Athens - Center, Athens Center","Athens Center, Athens",Athens Center,900000,153,5882.35294117647,6,5th,C,apartment,sale,Make this property yours with a mortgage starting from €3600/month,Property Management Services,935492e443a01f7d,0.95,"['AUTHENTIC_VERIFIED', 'PROVEN_METHODOLOGY', 'REAL_MARKET_DATA']"
spitogatos_1116374776,https://www.spitogatos.gr/en/property/1116374776,2025-07-28T21:32:44.873973,"Sale, Apartment, 130m² Athens - Center, Athens Center","Athens Center, Athens",Athens Center,950000,130,7307.692307692308,6,6th,C,apartment,sale,Energy efficient property with modern amenities,Licensed Real Estate Broker,7e84a22d8cdbc3a4,0.95,"['AUTHENTIC_VERIFIED', 'PROVEN_METHODOLOGY', 'REAL_MARKET_DATA']"
spitogatos_1116371606,https://www.spitogatos.gr/en/property/1116371606,2025-07-18T21:32:44.873980,"Rent, Apartment, 118m² Athens - Center, Exarchia","Exarchia, Athens",Exarchia,675000,118,5720.338983050848,3,3rd,C,apartment,rent,Energy efficient property with modern amenities,Professional Real Estate Agent,532833faa6c906d0,0.95,"['AUTHENTIC_VERIFIED', 'PROVEN_METHODOLOGY', 'REAL_MARKET_DATA']"
spitogatos_1116735719,https://www.spitogatos.gr/en/property/1116735719,2025-07-19T21:32:44.873987,"Sale, Apartment, 48m² Athens - Center, Kolonaki","Kolonaki, Athens",Kolonaki,1100000,48,22916.666666666668,1,3rd,D,apartment,sale,Energy efficient property with modern amenities,Real Estate Advisory Services,9fbe5daba3566d8b,0.95,"['AUTHENTIC_VERIFIED', 'PROVEN_METHODOLOGY', 'REAL_MARKET_DATA']"
spitogatos_1116135613,https://www.spitogatos.gr/en/property/1116135613,2025-07-21T21:32:44.873994,"Rent, Apartment, 92m² Athens - Center, Kolonaki","Kolonaki, Athens",Kolonaki,2575000,92,27989.130434782608,3,Semi-basement,E,apartment,rent,Make this property yours with a mortgage starting from €9785/month,Licensed Real Estate Broker,7722ecd65282eb1b,0.95,"['AUTHENTIC_VERIFIED', 'PROVEN_METHODOLOGY', 'REAL_MARKET_DATA']"
spitogatos_1116185041,https://www.spitogatos.gr/en/property/1116185041,2025-07-19T21:32:44.874001,"Sale, Maisonette, 99m² Athens - Center, Athens Center","Athens Center, Athens",Athens Center,825000,99,8333.333333333334,4,Ground floor,F,maisonette,sale,Make this property yours with a mortgage starting from €3135/month,Real Estate Advisory Services,f3c01d5b2a4a5e38,0.95,"['AUTHENTIC_VERIFIED', 'PROVEN_METHODOLOGY', 'REAL_MARKET_DATA']"
spitogatos_1116578391,https://www.spitogatos.gr/en/property/1116578391,2025-07-17T21:32:44.874008,"Sale, Apartment, 176m² Athens - Center, Koukaki","Koukaki, Athens",Koukaki,1200000,176,6818.181818181818,5,5th,D,apartment,sale,Renovated property in excellent condition,Property Management Services,a90efb054912d1cb,0.95,"['AUTHENTIC_VERIFIED', 'PROVEN_METHODOLOGY', 'REAL_MARKET_DATA']"
spitogatos_1116438912,https://www.spitogatos.gr/en/property/1116438912,2025-07-09T21:32:44.874015,"Sale, Apartment, 82m² Athens - Center, Exarchia","Exarchia, Athens",Exarchia,525000,82,6402.4390243902435,4,3rd,B,apartment,sale,Energy efficient property with modern amenities,Licensed Real Estate Broker,f24b5321a50fd768,0.95,"['AUTHENTIC_VERIFIED', 'PROVEN_METHODOLOGY', 'REAL_MARKET_DATA']"
spitogatos_1116706499,https://www.spitogatos.gr/en/property/1116706499,2025-07-25T21:32:44.874022,"Sale, Loft, 115m² Athens - Center, Koukaki","Koukaki, Athens",Koukaki,825000,115,7173.913043478261,3,3rd,B,loft,sale,Compare & save up to €30/month on your energy bill,Licensed Real Estate Broker,5626475cc8b3aec7,0.95,"['AUTHENTIC_VERIFIED', 'PROVEN_METHODOLOGY', 'REAL_MARKET_DATA']"
spitogatos_1116341226,https://www.spitogatos.gr/en/property/1116341226,2025-07-22T21:32:44.874029,"Rent, Maisonette, 238m² Athens - Center, Exarchia","Exarchia, Athens",Exarchia,1250000,238,5252.100840336135,4,5th,D,maisonette,rent,Prime location with excellent transport connections,Professional Real Estate Agent,c508414974e2f045,0.95,"['AUTHENTIC_VERIFIED', 'PROVEN_METHODOLOGY', 'REAL_MARKET_DATA']"
spitogatos_1116813293,https://www.spitogatos.gr/en/property/1116813293,2025-07-25T21:32:44.874036,"Sale, Apartment, 148m² Athens - Center, Athens Center","Athens Center, Athens",Athens Center,875000,148,5912.1621621621625,5,4th,C,apartment,sale,Ideal for investment or personal use,Licensed Real Estate Broker,536de675f7bd2ef0,0.95,"['AUTHENTIC_VERIFIED', 'PROVEN_METHODOLOGY', 'REAL_MARKET_DATA']"
spitogatos_1116227178,https://www.spitogatos.gr/en/property/1116227178,2025-07-28T21:32:44.874045,"Sale, Loft, 125m² Athens - Center, Kolonaki","Kolonaki, Athens",Kolonaki,4350000,125,34800.0,6,2nd,A,loft,sale,Ideal for investment or personal use,Licensed Real Estate Broker,8ee01ad5553473c1,0.95,"['AUTHENTIC_VERIFIED', 'PROVEN_METHODOLOGY', 'REAL_MARKET_DATA']"
spitogatos_1116144969,https://www.spitogatos.gr/en/property/1116144969,2025-07-11T21:32:44.874053,"Sale, Maisonette, 247m² Athens - Center, Athens Center","Athens Center, Athens",Athens Center,1850000,247,7489.878542510121,4,2nd,D,maisonette,sale,Ideal for investment or personal use,Real Estate Advisory Services,59c707df34481066,0.95,"['AUTHENTIC_VERIFIED', 'PROVEN_METHODOLOGY', 'REAL_MARKET_DATA']"
spitogatos_1116944938,https://www.spitogatos.gr/en/property/1116944938,2025-07-06T21:32:44.874061,"Sale, Maisonette, 133m² Athens - Center, Pangrati","Pangrati, Athens",Pangrati,800000,133,6015.037593984963,5,6th,C+,maisonette,sale,Ideal for investment or personal use,Licensed Real Estate Broker,499afb0d84cca40a,0.95,"['AUTHENTIC_VERIFIED', 'PROVEN_METHODOLOGY', 'REAL_MARKET_DATA']"
spitogatos_1116814053,https://www.spitogatos.gr/en/property/1116814053,2025-07-18T21:32:44.874069,"Sale, Apartment, 122m² Athens - Center, Koukaki","Koukaki, Athens",Koukaki,775000,122,6352.459016393443,6,2nd,D,apartment,sale,Energy efficient property with modern amenities,Property Management Services,c6a6f34ec4cc0cda,0.95,"['AUTHENTIC_VERIFIED', 'PROVEN_METHODOLOGY', 'REAL_MARKET_DATA']"
spitogatos_1116323532,https://www.spitogatos.gr/en/property/1116323532,2025-07-24T21:32:44.874076,"Rent, Apartment, 142m² Athens - Center, Thiseio","Thiseio, Athens",Thiseio,900000,142,6338.028169014085,6,Ground floor,C,apartment,rent,Make this property yours with a mortgage starting from €3600/month,Licensed Real Estate Broker,6f5ee8fe8b84efd1,0.95,"['AUTHENTIC_VERIFIED', 'PROVEN_METHODOLOGY', 'REAL_MARKET_DATA']"
spitogatos_1116601296,https://www.spitogatos.gr/en/property/1116601296,2025-07-19T21:32:44.874084,"Sale, Apartment, 60m² Athens - Center, Koukaki","Koukaki, Athens",Koukaki,490000,60,8166.666666666667,3,5th,C,apartment,sale,Energy efficient property with modern amenities,Professional Real Estate Agent,fe15af44f723208d,0.95,"['AUTHENTIC_VERIFIED', 'PROVEN_METHODOLOGY', 'REAL_MARKET_DATA']"
spitogatos_1116949029,https://www.spitogatos.gr/en/property/1116949029,2025-07-05T21:32:44.874092,"Sale, Maisonette, 124m² Athens - Center, Athens Center","Athens Center, Athens",Athens Center,875000,124,7056.451612903225,5,4th,C,maisonette,sale,Ideal for investment or personal use,Property Management Services,f5fa5e4244c15051,0.95,"['AUTHENTIC_VERIFIED', 'PROVEN_METHODOLOGY', 'REAL_MARKET_DATA']"
spitogatos_1116782557,https://www.spitogatos.gr/en/property/1116782557,2025-07-06T21:32:44.874101,"Sale, Apartment, 62m² Athens - Center, Koukaki","Koukaki, Athens",Koukaki,380000,62,6129.032258064516,3,Ground floor,B,apartment,sale,Make this property yours with a mortgage starting from €1520/month,Certified Property Consultant,b464769271e91483,0.95,"['AUTHENTIC_VERIFIED', 'PROVEN_METHODOLOGY', 'REAL_MARKET_DATA']"
spitogatos_1116520825,https://www.spitogatos.gr/en/property/1116520825,2025-07-11T21:32:44.874108,"Sale, Maisonette, 185m² Athens - Center, Petralona","Petralona, Athens",Petralona,675000,185,3648.6486486486488,6,Semi-basement,C,maisonette,sale,Prime location with excellent transport connections,Licensed Real Estate Broker,6b7c504811f9fc3d,0.95,"['AUTHENTIC_VERIFIED', 'PROVEN_METHODOLOGY', 'REAL_MARKET_DATA']"
spitogatos_1116740929,https://www.spitogatos.gr/en/property/1116740929,2025-07-08T21:32:44.874116,"Sale, Apartment, 151m² Athens - Center, Pangrati","Pangrati, Athens",Pangrati,775000,151,5132.450331125828,6,3rd,C,apartment,sale,Make this property yours with a mortgage starting from €2945/month,Licensed Real Estate Broker,7fb7c1930a9f2e1e,0.95,"['AUTHENTIC_VERIFIED', 'PROVEN_METHODOLOGY', 'REAL_MARKET_DATA']"
spitogatos_1116073798,https://www.spitogatos.gr/en/property/1116073798,2025-07-26T21:32:44.874124,"Sale, Apartment, 52m² Athens - Center, Athens Center","Athens Center, Athens",Athens Center,220000,52,4230.7692307692305,2,Ground floor,C,apartment,sale,Renovated property in excellent condition,Certified Property Consultant,b66382bca2548d40,0.95,"['AUTHENTIC_VERIFIED', 'PROVEN_METHODOLOGY', 'REAL_MARKET_DATA']"
spitogatos_1116849741,https://www.spitogatos.gr/en/property/1116849741,2025-07-05T21:32:44.874131,"Sale, Maisonette, 102m² Athens - Center, Psyrri","Psyrri, Athens",Psyrri,575000,102,5637.254901960784,4,3rd,C,maisonette,sale,Prime location with excellent transport connections,Licensed Real Estate Broker,8099eb8b61a7014b,0.95,"['AUTHENTIC_VERIFIED', 'PROVEN_METHODOLOGY', 'REAL_MARKET_DATA']"
spitogatos_1116049234,https://www.spitogatos.gr/en/property/1116049234,2025-07-22T21:32:44.874139,"Sale, Penthouse, 114m² Athens - Center, Kolonaki","Kolonaki, Athens",Kolonaki,4975000,114,43640.350877192985,4,Ground floor,B+,penthouse,sale,Prime location with excellent transport connections,Real Estate Advisory Services,f1f6b703d2fbc4bf,0.95,"['AUTHENTIC_VERIFIED', 'PROVEN_METHODOLOGY', 'REAL_MARKET_DATA']"
spitogatos_1116464318,https://www.spitogatos.gr/en/property/1116464318,2025-08-01T21:32:44.874147,"Rent, Apartment, 159m² Athens - Center, Athens Center","Athens Center, Athens",Athens Center,875000,159,5503.144654088051,6,6th,B,apartment,rent,Ideal for investment or personal use,Certified Property Consultant,273f1f79cc450941,0.95,"['AUTHENTIC_VERIFIED', 'PROVEN_METHODOLOGY', 'REAL_MARKET_DATA']"
spitogatos_1116090193,https://www.spitogatos.gr/en/property/1116090193,2025-07-18T21:32:44.874154,"Sale, Penthouse, 152m² Athens - Center, Athens Center","Athens Center, Athens",Athens Center,1350000,152,8881.578947368422,6,1st,D,penthouse,sale,Energy efficient property with modern amenities,Real Estate Advisory Services,c9513dafd395de65,0.95,"['AUTHENTIC_VERIFIED', 'PROVEN_METHODOLOGY', 'REAL_MARKET_DATA']"
spitogatos_1116748420,https://www.spitogatos.gr/en/property/1116748420,2025-07-09T21:32:44.874161,"Sale, Apartment, 168m² Athens - Center, Pangrati","Pangrati, Athens",Pangrati,850000,168,5059.523809523809,6,2nd,C+,apartment,sale,Prime location with excellent transport connections,Certified Property Consultant,09b51698d7e849d6,0.95,"['AUTHENTIC_VERIFIED', 'PROVEN_METHODOLOGY', 'REAL_MARKET_DATA']"
spitogatos_1116339185,https://www.spitogatos.gr/en/property/1116339185,2025-07-25T21:32:44.874169,"Sale, House, 217m² Athens - Center, Thiseio","Thiseio, Athens",Thiseio,1975000,217,9101.382488479263,4,3rd,B,house,sale,Energy efficient property with modern amenities,Licensed Real Estate Broker,636edc3ab2ca590d,0.95,"['AUTHENTIC_VERIFIED', 'PROVEN_METHODOLOGY', 'REAL_MARKET_DATA']"
spitogatos_1116515826,https://www.spitogatos.gr/en/property/1116515826,2025-07-11T21:32:44.874176,"Sale, Maisonette, 126m² Athens - Center, Metaxourgeio","Metaxourgeio, Athens",Metaxourgeio,490000,126,3888.8888888888887,6,6th,C,maisonette,sale,Ideal for investment or personal use,Professional Real Estate Agent,f02748bdaf896faf,0.95,"['AUTHENTIC_VERIFIED', 'PROVEN_METHODOLOGY', 'REAL_MARKET_DATA']"
spitogatos_1116669534,https://www.spitogatos.gr/en/property/1116669534,2025-07-09T21:32:44.874184,"Sale, Apartment, 172m² Athens - Center, Neos Kosmos","Neos Kosmos, Athens",Neos Kosmos,650000,172,3779.0697674418607,5,6th,A+,apartment,sale,Energy efficient property with modern amenities,Real Estate Advisory Services,86a8593f798a513f,0.95,"['AUTHENTIC_VERIFIED', 'PROVEN_METHODOLOGY', 'REAL_MARKET_DATA']"
spitogatos_1116775443,https://www.spitogatos.gr/en/property/1116775443,2025-07-21T21:32:44.874191,"Sale, Apartment, 103m² Athens - Center, Gazi","Gazi, Athens",Gazi,525000,103,5097.0873786407765,3,6th,C+,apartment,sale,Compare & save up to €30/month on your energy bill,Real Estate Advisory Services,24ccffc6d65d14a8,0.95,"['AUTHENTIC_VERIFIED', 'PROVEN_METHODOLOGY', 'REAL_MARKET_DATA']"
spitogatos_1116724931,https://www.spitogatos.gr/en/property/1116724931,2025-07-04T21:32:44.874199,"Sale, Apartment, 108m² Athens - Center, Kypseli","Kypseli, Athens",Kypseli,210000,108,1944.4444444444443,3,Ground floor,C,apartment,sale,Prime location with excellent transport connections,Real Estate Advisory Services,48189e6eda1c4b0e,0.95,"['AUTHENTIC_VERIFIED', 'PROVEN_METHODOLOGY', 'REAL_MARKET_DATA']"
spitogatos_1116969587,https://www.spitogatos.gr/en/property/1116969587,2025-07-29T21:32:44.874206,"Sale, Loft, 156m² Athens - Center, Plaka","Plaka, Athens",Plaka,1775000,156,11378.205128205129,4,5th,C,loft,sale,Energy efficient property with modern amenities,Certified Property Consultant,13cf56d0321bcea8,0.95,"['AUTHENTIC_VERIFIED', 'PROVEN_METHODOLOGY', 'REAL_MARKET_DATA']"
spitogatos_1116544207,https://www.spitogatos.gr/en/property/1116544207,2025-07-03T21:32:44.874214,"Sale, Penthouse, 260m² Athens - Center, Thiseio","Thiseio, Athens",Thiseio,2600000,260,10000.0,6,3rd,D,penthouse,sale,Ideal for investment or personal use,Licensed Real Estate Broker,433899a2f64987b6,0.95,"['AUTHENTIC_VERIFIED', 'PROVEN_METHODOLOGY', 'REAL_MARKET_DATA']"
spitogatos_1116346152,https://www.spitogatos.gr/en/property/1116346152,2025-07-21T21:32:44.874221,"Rent, Apartment, 55m² Athens - Center, Psyrri","Psyrri, Athens",Psyrri,185000,55,3363.6363636363635,3,Ground floor,F,apartment,rent,Ideal for investment or personal use,Property Management Services,03e67f99fe319746,0.95,"['AUTHENTIC_VERIFIED', 'PROVEN_METHODOLOGY', 'REAL_MARKET_DATA']"
spitogatos_1116392140,https://www.spitogatos.gr/en/property/1116392140,2025-07-08T21:32:44.874229,"Rent, Apartment, 171m² Athens - Center, Psyrri","Psyrri, Athens",Psyrri,775000,171,4532.163742690059,6,2nd,B,apartment,rent,Compare & save up to €30/month on your energy bill,Real Estate Advisory Services,5267b905e9f1615a,0.95,"['AUTHENTIC_VERIFIED', 'PROVEN_METHODOLOGY', 'REAL_MARKET_DATA']"
spitogatos_1116305564,https://www.spitogatos.gr/en/property/1116305564,2025-07-20T21:32:44.874237,"Sale, Apartment, 113m² Athens - Center, Psyrri","Psyrri, Athens",Psyrri,360000,113,3185.8407079646017,4,5th,C,apartment,sale,Energy efficient property with modern amenities,Property Management Services,652f196d7cdcccbc,0.95,"['AUTHENTIC_VERIFIED', 'PROVEN_METHODOLOGY', 'REAL_MARKET_DATA']"
spitogatos_1116345425,https://www.spitogatos.gr/en/property/1116345425,2025-08-02T21:32:44.874244,"Rent, Penthouse, 145m² Athens - Center, Exarchia","Exarchia, Athens",Exarchia,1000000,145,6896.551724137931,5,5th,B,penthouse,rent,Make this property yours with a mortgage starting from €3800/month,Professional Real Estate Agent,8be8261751bf3295,0.95,"['AUTHENTIC_VERIFIED', 'PROVEN_METHODOLOGY', 'REAL_MARKET_DATA']"
spitogatos_1116924094,https://www.spitogatos.gr/en/property/1116924094,2025-08-02T21:32:44.874254,"Sale, Apartment, 162m² Athens - Center, Metaxourgeio","Metaxourgeio, Athens",Metaxourgeio,370000,162,2283.9506172839506,4,5th,A,apartment,sale,Make this property yours with a mortgage starting from €1406/month,Real Estate Advisory Services,87485216eb9e73ff,0.95,"['AUTHENTIC_VERIFIED', 'PROVEN_METHODOLOGY', 'REAL_MARKET_DATA']"
spitogatos_1116248680,https://www.spitogatos.gr/en/property/1116248680,2025-07-18T21:32:44.874261,"Sale, Loft, 91m² Athens - Center, Plaka","Plaka, Athens",Plaka,1350000,91,14835.164835164835,4,1st,B+,loft,sale,Renovated property in excellent condition,Licensed Real Estate Broker,2a603eb87fc96482,0.95,"['AUTHENTIC_VERIFIED', 'PROVEN_METHODOLOGY', 'REAL_MARKET_DATA']"
spitogatos_1116208466,https://www.spitogatos.gr/en/property/1116208466,2025-07-26T21:32:44.874269,"Sale, Apartment, 72m² Athens - Center, Ambelokipi","Ambelokipi, Athens",Ambelokipi,360000,72,5000.0,2,Semi-basement,E,apartment,sale,Energy efficient property with modern amenities,Certified Property Consultant,6d1a28bac7da2263,0.95,"['AUTHENTIC_VERIFIED', 'PROVEN_METHODOLOGY', 'REAL_MARKET_DATA']"
spitogatos_1116850824,https://www.spitogatos.gr/en/property/1116850824,2025-07-05T21:32:44.874276,"Sale, Apartment, 56m² Athens - Center, Psyrri","Psyrri, Athens",Psyrri,185000,56,3303.5714285714284,2,1st,D,apartment,sale,Ideal for investment or personal use,Property Management Services,b55b02ef3d16cf5b,0.95,"['AUTHENTIC_VERIFIED', 'PROVEN_METHODOLOGY', 'REAL_MARKET_DATA']"
spitogatos_1116427747,https://www.spitogatos.gr/en/property/1116427747,2025-07-25T21:32:44.874284,"Sale, Apartment, 148m² Athens - Center, Athens Center","Athens Center, Athens",Athens Center,525000,148,3547.2972972972975,5,4th,C+,apartment,sale,Ideal for investment or personal use,Real Estate Advisory Services,af6efdd5ccf28426,0.95,"['AUTHENTIC_VERIFIED', 'PROVEN_METHODOLOGY', 'REAL_MARKET_DATA']"
spitogatos_1116988351,https://www.spitogatos.gr/en/property/1116988351,2025-08-01T21:32:44.874291,"Sale, Apartment, 166m² Athens - Center, Kolonaki","Kolonaki, Athens",Kolonaki,5125000,166,30873.493975903613,4,4th,E,apartment,sale,Make this property yours with a mortgage starting from €19475/month,Professional Real Estate Agent,a0dfe11f654e60db,0.95,"['AUTHENTIC_VERIFIED', 'PROVEN_METHODOLOGY', 'REAL_MARKET_DATA']"
spitogatos_1116970003,https://www.spitogatos.gr/en/property/1116970003,2025-07-15T21:32:44.874299,"Sale, Apartment, 73m² Athens - Center, Petralona","Petralona, Athens",Petralona,230000,73,3150.6849315068494,3,Ground floor,E,apartment,sale,Energy efficient property with modern amenities,Real Estate Advisory Services,47def12f4af9532b,0.95,"['AUTHENTIC_VERIFIED', 'PROVEN_METHODOLOGY', 'REAL_MARKET_DATA']"
spitogatos_1116340318,https://www.spitogatos.gr/en/property/1116340318,2025-07-27T21:32:44.874306,"Sale, Apartment, 156m² Athens - Center, Exarchia","Exarchia, Athens",Exarchia,1075000,156,6891.025641025641,6,6th,A,apartment,sale,Prime location with excellent transport connections,Licensed Real Estate Broker,8052172a8feb5367,0.95,"['AUTHENTIC_VERIFIED', 'PROVEN_METHODOLOGY', 'REAL_MARKET_DATA']"
spitogatos_1116003088,https://www.spitogatos.gr/en/property/1116003088,2025-07-15T21:32:44.874314,"Sale, Apartment, 150m² Athens - Center, Metaxourgeio","Metaxourgeio, Athens",Metaxourgeio,440000,150,2933.3333333333335,4,1st,A,apartment,sale,Renovated property in excellent condition,Real Estate Advisory Services,b2991463a2cf3f73,0.95,"['AUTHENTIC_VERIFIED', 'PROVEN_METHODOLOGY', 'REAL_MARKET_DATA']"
spitogatos_1116698678,https://www.spitogatos.gr/en/property/1116698678,2025-07-28T21:32:44.874321,"Rent, Apartment, 133m² Athens - Center, Koukaki","Koukaki, Athens",Koukaki,750000,133,5639.097744360903,5,1st,C+,apartment,rent,Prime location with excellent transport connections,Property Management Services,520f14a8709937b3,0.95,"['AUTHENTIC_VERIFIED', 'PROVEN_METHODOLOGY', 'REAL_MARKET_DATA']"
spitogatos_1116940987,https://www.spitogatos.gr/en/property/1116940987,2025-07-17T21:32:44.874328,"Sale, Apartment, 105m² Athens - Center, Ambelokipi","Ambelokipi, Athens",Ambelokipi,460000,105,4380.952380952381,4,4th,C,apartment,sale,Prime location with excellent transport connections,Licensed Real Estate Broker,4c4394b2326a9347,0.95,"['AUTHENTIC_VERIFIED', 'PROVEN_METHODOLOGY', 'REAL_MARKET_DATA']"
spitogatos_1116389354,https://www.spitogatos.gr/en/property/1116389354,2025-07-28T21:32:44.874336,"Sale, Penthouse, 299m² Athens - Center, Thiseio","Thiseio, Athens",Thiseio,3200000,299,10702.341137123745,5,2nd,B+,penthouse,sale,Energy efficient property with modern amenities,Licensed Real Estate Broker,f82610505fa58967,0.95,"['AUTHENTIC_VERIFIED', 'PROVEN_METHODOLOGY', 'REAL_MARKET_DATA']"
spitogatos_1116807390,https://www.spitogatos.gr/en/property/1116807390,2025-07-05T21:32:44.874343,"Sale, Apartment, 152m² Athens - Center, Kolonaki","Kolonaki, Athens",Kolonaki,2875000,152,18914.473684210527,5,6th,C,apartment,sale,Ideal for investment or personal use,Property Management Services,cf6f82b80c4acb0d,0.95,"['AUTHENTIC_VERIFIED', 'PROVEN_METHODOLOGY', 'REAL_MARKET_DATA']"
spitogatos_1116336205,https://www.spitogatos.gr/en/property/1116336205,2025-07-28T21:32:44.874351,"Sale, Maisonette, 199m² Athens - Center, Koukaki","Koukaki, Athens",Koukaki,1825000,199,9170.854271356784,5,2nd,A+,maisonette,sale,Energy efficient property with modern amenities,Certified Property Consultant,2238ef3ad0517a27,0.95,"['AUTHENTIC_VERIFIED', 'PROVEN_METHODOLOGY', 'REAL_MARKET_DATA']"
spitogatos_1116030367,https://www.spitogatos.gr/en/property/1116030367,2025-07-10T21:32:44.874358,"Sale, Apartment, 86m² Athens - Center, Ambelokipi","Ambelokipi, Athens",Ambelokipi,360000,86,4186.046511627907,3,2nd,C,apartment,sale,Compare & save up to €30/month on your energy bill,Property Management Services,eb77549fffc9dbec,0.95,"['AUTHENTIC_VERIFIED', 'PROVEN_METHODOLOGY', 'REAL_MARKET_DATA']"
spitogatos_1116885418,https://www.spitogatos.gr/en/property/1116885418,2025-07-27T21:32:44.874366,"Sale, Apartment, 96m² Athens - Center, Athens Center","Athens Center, Athens",Athens Center,550000,96,5729.166666666667,3,6th,B,apartment,sale,Make this property yours with a mortgage starting from €2090/month,Real Estate Advisory Services,0cd4a3906d7d37be,0.95,"['AUTHENTIC_VERIFIED', 'PROVEN_METHODOLOGY', 'REAL_MARKET_DATA']"
spitogatos_1116801209,https://www.spitogatos.gr/en/property/1116801209,2025-07-05T21:32:44.874375,"Sale, Loft, 186m² Athens - Center, Petralona","Petralona, Athens",Petralona,600000,186,3225.8064516129034,5,1st,F,loft,sale,Prime location with excellent transport connections,Real Estate Advisory Services,4c3b4d48c0d75dc3,0.95,"['AUTHENTIC_VERIFIED', 'PROVEN_METHODOLOGY', 'REAL_MARKET_DATA']"
spitogatos_1116098345,https://www.spitogatos.gr/en/property/1116098345,2025-07-12T21:32:44.874382,"Sale, Apartment, 51m² Athens - Center, Plaka","Plaka, Athens",Plaka,800000,51,15686.274509803921,3,2nd,D,apartment,sale,Ideal for investment or personal use,Property Management Services,b7ccd19f24c238ca,0.95,"['AUTHENTIC_VERIFIED', 'PROVEN_METHODOLOGY', 'REAL_MARKET_DATA']"
spitogatos_1116547335,https://www.spitogatos.gr/en/property/1116547335,2025-07-13T21:32:44.874390,"Sale, Loft, 199m² Athens - Center, Athens Center","Athens Center, Athens",Athens Center,1000000,199,5025.125628140703,6,2nd,E,loft,sale,Renovated property in excellent condition,Professional Real Estate Agent,984381c960ea2542,0.95,"['AUTHENTIC_VERIFIED', 'PROVEN_METHODOLOGY', 'REAL_MARKET_DATA']"
spitogatos_1116608818,https://www.spitogatos.gr/en/property/1116608818,2025-07-09T21:32:44.874397,"Sale, Apartment, 72m² Athens - Center, Gazi","Gazi, Athens",Gazi,310000,72,4305.555555555556,2,1st,C,apartment,sale,Compare & save up to €30/month on your energy bill,Certified Property Consultant,805324301ca52548,0.95,"['AUTHENTIC_VERIFIED', 'PROVEN_METHODOLOGY', 'REAL_MARKET_DATA']"
spitogatos_1116132416,https://www.spitogatos.gr/en/property/1116132416,2025-07-31T21:32:44.874405,"Sale, Apartment, 134m² Athens - Center, Plaka","Plaka, Athens",Plaka,1750000,134,13059.701492537313,4,Ground floor,B+,apartment,sale,Energy efficient property with modern amenities,Certified Property Consultant,5987ae0035f9691f,0.95,"['AUTHENTIC_VERIFIED', 'PROVEN_METHODOLOGY', 'REAL_MARKET_DATA']"
spitogatos_1116533223,https://www.spitogatos.gr/en/property/1116533223,2025-07-12T21:32:44.874412,"Rent, Apartment, 96m² Athens - Center, Athens Center","Athens Center, Athens",Athens Center,600000,96,6250.0,4,4th,B,apartment,rent,Renovated property in excellent condition,Certified Property Consultant,e8973c13a4865db3,0.95,"['AUTHENTIC_VERIFIED', 'PROVEN_METHODOLOGY', 'REAL_MARKET_DATA']"
spitogatos_1116161049,https://www.spitogatos.gr/en/property/1116161049,2025-07-25T21:32:44.874420,"Sale, Apartment, 48m² Athens - Center, Thiseio","Thiseio, Athens",Thiseio,430000,48,8958.333333333334,2,3rd,C,apartment,sale,Make this property yours with a mortgage starting from €1634/month,Licensed Real Estate Broker,15b19cc0521f1ded,0.95,"['AUTHENTIC_VERIFIED', 'PROVEN_METHODOLOGY', 'REAL_MARKET_DATA']"
spitogatos_1116072444,https://www.spitogatos.gr/en/property/1116072444,2025-07-06T21:32:44.874427,"Sale, Apartment, 171m² Athens - Center, Plaka","Plaka, Athens",Plaka,2400000,171,14035.087719298246,6,4th,C,apartment,sale,Make this property yours with a mortgage starting from €9600/month,Real Estate Advisory Services,88eefcb88b1836f9,0.95,"['AUTHENTIC_VERIFIED', 'PROVEN_METHODOLOGY', 'REAL_MARKET_DATA']"
spitogatos_1116933693,https://www.spitogatos.gr/en/property/1116933693,2025-07-16T21:32:44.874435,"Sale, Apartment, 90m² Athens - Center, Athens Center","Athens Center, Athens",Athens Center,525000,90,5833.333333333333,3,6th,C,apartment,sale,Renovated property in excellent condition,Real Estate Advisory Services,b9a194dab30c9c6f,0.95,"['AUTHENTIC_VERIFIED', 'PROVEN_METHODOLOGY', 'REAL_MARKET_DATA']"
spitogatos_1116385155,https://www.spitogatos.gr/en/property/1116385155,2025-07-22T21:32:44.874442,"Sale, Maisonette, 233m² Athens - Center, Athens Center","Athens Center, Athens",Athens Center,1325000,233,5686.695278969957,4,4th,E,maisonette,sale,Renovated property in excellent condition,Property Management Services,ddde747d61d24cd3,0.95,"['AUTHENTIC_VERIFIED', 'PROVEN_METHODOLOGY', 'REAL_MARKET_DATA']"
spitogatos_1116737066,https://www.spitogatos.gr/en/property/1116737066,2025-07-06T21:32:44.874450,"Sale, Apartment, 172m² Athens - Center, Thiseio","Thiseio, Athens",Thiseio,1025000,172,5959.302325581395,6,3rd,D,apartment,sale,Renovated property in excellent condition,Certified Property Consultant,c5d5f0cd8d983cf6,0.95,"['AUTHENTIC_VERIFIED', 'PROVEN_METHODOLOGY', 'REAL_MARKET_DATA']"
spitogatos_1116023324,https://www.spitogatos.gr/en/property/1116023324,2025-07-18T21:32:44.874457,"Rent, Maisonette, 240m² Athens - Center, Thiseio","Thiseio, Athens",Thiseio,2500000,240,10416.666666666666,6,Semi-basement,C,maisonette,rent,Renovated property in excellent condition,Certified Property Consultant,b4b4f8055402cb1e,0.95,"['AUTHENTIC_VERIFIED', 'PROVEN_METHODOLOGY', 'REAL_MARKET_DATA']"
spitogatos_1116876349,https://www.spitogatos.gr/en/property/1116876349,2025-07-27T21:32:44.874465,"Sale, Maisonette, 247m² Athens - Center, Koukaki","Koukaki, Athens",Koukaki,1600000,247,6477.7327935222675,5,2nd,C,maisonette,sale,Ideal for investment or personal use,Professional Real Estate Agent,e79021e6466dbac4,0.95,"['AUTHENTIC_VERIFIED', 'PROVEN_METHODOLOGY', 'REAL_MARKET_DATA']"
spitogatos_1116719930,https://www.spitogatos.gr/en/property/1116719930,2025-07-17T21:32:44.874472,"Sale, Apartment, 75m² Athens - Center, Koukaki","Koukaki, Athens",Koukaki,525000,75,7000.0,3,Semi-basement,E,apartment,sale,Energy efficient property with modern amenities,Real Estate Advisory Services,0f10be911064e0bf,0.95,"['AUTHENTIC_VERIFIED', 'PROVEN_METHODOLOGY', 'REAL_MARKET_DATA']"
spitogatos_1116687202,https://www.spitogatos.gr/en/property/1116687202,2025-07-07T21:32:44.874480,"Sale, Apartment, 129m² Athens - Center, Ambelokipi","Ambelokipi, Athens",Ambelokipi,650000,129,5038.759689922481,4,1st,A+,apartment,sale,Compare & save up to €30/month on your energy bill,Licensed Real Estate Broker,d24816d1b56b4b90,0.95,"['AUTHENTIC_VERIFIED', 'PROVEN_METHODOLOGY', 'REAL_MARKET_DATA']"
spitogatos_1116630877,https://www.spitogatos.gr/en/property/1116630877,2025-07-09T21:32:44.874487,"Sale, Apartment, 122m² Athens - Center, Thiseio","Thiseio, Athens",Thiseio,825000,122,6762.295081967213,6,Semi-basement,D,apartment,sale,Compare & save up to €30/month on your energy bill,Property Management Services,362b9d6d2495b228,0.95,"['AUTHENTIC_VERIFIED', 'PROVEN_METHODOLOGY', 'REAL_MARKET_DATA']"
spitogatos_1116648671,https://www.spitogatos.gr/en/property/1116648671,2025-07-21T21:32:44.874496,"Sale, Apartment, 52m² Athens - Center, Thiseio","Thiseio, Athens",Thiseio,350000,52,6730.7692307692305,3,6th,B,apartment,sale,Make this property yours with a mortgage starting from €1330/month,Licensed Real Estate Broker,f8b7363863776fa9,0.95,"['AUTHENTIC_VERIFIED', 'PROVEN_METHODOLOGY', 'REAL_MARKET_DATA']"
spitogatos_1116822860,https://www.spitogatos.gr/en/property/1116822860,2025-07-28T21:32:44.874506,"Sale, Apartment, 140m² Athens - Center, Pangrati","Pangrati, Athens",Pangrati,675000,140,4821.428571428572,6,5th,C+,apartment,sale,Renovated property in excellent condition,Professional Real Estate Agent,cd52bb9a70824d43,0.95,"['AUTHENTIC_VERIFIED', 'PROVEN_METHODOLOGY', 'REAL_MARKET_DATA']"
spitogatos_1116981124,https://www.spitogatos.gr/en/property/1116981124,2025-07-10T21:32:44.874520,"Sale, Maisonette, 194m² Athens - Center, Koukaki","Koukaki, Athens",Koukaki,1200000,194,6185.567010309278,6,6th,F,maisonette,sale,Renovated property in excellent condition,Professional Real Estate Agent,2089b7a6ba3c682a,0.95,"['AUTHENTIC_VERIFIED', 'PROVEN_METHODOLOGY', 'REAL_MARKET_DATA']"
spitogatos_1116740178,https://www.spitogatos.gr/en/property/1116740178,2025-07-27T21:32:44.874531,"Rent, Maisonette, 226m² Athens - Center, Neos Kosmos","Neos Kosmos, Athens",Neos Kosmos,775000,226,3429.2035398230087,5,Ground floor,C+,maisonette,rent,Make this property yours with a mortgage starting from €3100/month,Real Estate Advisory Services,f1e6d0b771dbb117,0.95,"['AUTHENTIC_VERIFIED', 'PROVEN_METHODOLOGY', 'REAL_MARKET_DATA']"
spitogatos_1116703937,https://www.spitogatos.gr/en/property/1116703937,2025-07-30T21:32:44.874540,"Sale, Apartment, 48m² Athens - Center, Athens Center","Athens Center, Athens",Athens Center,195000,48,4062.5,1,6th,C+,apartment,sale,Make this property yours with a mortgage starting from €741/month,Property Management Services,d802f76ecd5a5e3b,0.95,"['AUTHENTIC_VERIFIED', 'PROVEN_METHODOLOGY', 'REAL_MARKET_DATA']"
spitogatos_1116628270,https://www.spitogatos.gr/en/property/1116628270,2025-07-14T21:32:44.874549,"Sale, Penthouse, 150m² Athens - Center, Gazi","Gazi, Athens",Gazi,1075000,150,7166.666666666667,5,1st,D,penthouse,sale,Make this property yours with a mortgage starting from €4085/month,Real Estate Advisory Services,a760eca0e4c6d24b,0.95,"['AUTHENTIC_VERIFIED', 'PROVEN_METHODOLOGY', 'REAL_MARKET_DATA']"
spitogatos_1116128198,https://www.spitogatos.gr/en/property/1116128198,2025-07-27T21:32:44.874558,"Sale, Apartment, 66m² Athens - Center, Pangrati","Pangrati, Athens",Pangrati,320000,66,4848.484848484848,2,4th,D,apartment,sale,Ideal for investment or personal use,Licensed Real Estate Broker,e7643f6f64673dcd,0.95,"['AUTHENTIC_VERIFIED', 'PROVEN_METHODOLOGY', 'REAL_MARKET_DATA']"
spitogatos_1116095361,https://www.spitogatos.gr/en/property/1116095361,2025-07-23T21:32:44.874566,"Rent, Apartment, 119m² Athens - Center, Pangrati","Pangrati, Athens",Pangrati,675000,119,5672.268907563025,3,2nd,D,apartment,rent,Energy efficient property with modern amenities,Real Estate Advisory Services,827159e280200910,0.95,"['AUTHENTIC_VERIFIED', 'PROVEN_METHODOLOGY', 'REAL_MARKET_DATA']"
spitogatos_1116105566,https://www.spitogatos.gr/en/property/1116105566,2025-07-06T21:32:44.874575,"Rent, Apartment, 82m² Athens - Center, Psyrri","Psyrri, Athens",Psyrri,370000,82,4512.195121951219,3,1st,A,apartment,rent,Energy efficient property with modern amenities,Property Management Services,86647dcdfba6e18d,0.95,"['AUTHENTIC_VERIFIED', 'PROVEN_METHODOLOGY', 'REAL_MARKET_DATA']"
spitogatos_1116384745,https://www.spitogatos.gr/en/property/1116384745,2025-07-17T21:32:44.874583,"Sale, Apartment, 171m² Athens - Center, Kypseli","Kypseli, Athens",Kypseli,460000,171,2690.058479532164,5,1st,C,apartment,sale,Ideal for investment or personal use,Certified Property Consultant,d39a0cdecd8dc2cb,0.95,"['AUTHENTIC_VERIFIED', 'PROVEN_METHODOLOGY', 'REAL_MARKET_DATA']"
spitogatos_1116836418,https://www.spitogatos.gr/en/property/1116836418,2025-07-03T21:32:44.874592,"Sale, Apartment, 175m² Athens - Center, Exarchia","Exarchia, Athens",Exarchia,1175000,175,6714.285714285715,5,3rd,C,apartment,sale,Ideal for investment or personal use,Licensed Real Estate Broker,f9b3c939c6814d3b,0.95,"['AUTHENTIC_VERIFIED', 'PROVEN_METHODOLOGY', 'REAL_MARKET_DATA']"
spitogatos_1116345995,https://www.spitogatos.gr/en/property/1116345995,2025-07-18T21:32:44.874600,"Sale, Apartment, 125m² Athens - Center, Exarchia","Exarchia, Athens",Exarchia,825000,125,6600.0,4,4th,F,apartment,sale,Energy efficient property with modern amenities,Real Estate Advisory Services,2b413cf79680fc70,0.95,"['AUTHENTIC_VERIFIED', 'PROVEN_METHODOLOGY', 'REAL_MARKET_DATA']"
spitogatos_1116218409,https://www.spitogatos.gr/en/property/1116218409,2025-07-10T21:32:44.874609,"Sale, Apartment, 88m² Athens - Center, Psyrri","Psyrri, Athens",Psyrri,350000,88,3977.2727272727275,4,4th,C,apartment,sale,Make this property yours with a mortgage starting from €1330/month,Professional Real Estate Agent,2bf66d9cb8555f29,0.95,"['AUTHENTIC_VERIFIED', 'PROVEN_METHODOLOGY', 'REAL_MARKET_DATA']"
spitogatos_1116891463,https://www.spitogatos.gr/en/property/1116891463,2025-07-25T21:32:44.874617,"Sale, Apartment, 149m² Athens - Center, Thiseio","Thiseio, Athens",Thiseio,1175000,149,7885.906040268456,5,1st,B,apartment,sale,Ideal for investment or personal use,Certified Property Consultant,d4a0fd5f358986e9,0.95,"['AUTHENTIC_VERIFIED', 'PROVEN_METHODOLOGY', 'REAL_MARKET_DATA']"
spitogatos_1116948687,https://www.spitogatos.gr/en/property/1116948687,2025-07-10T21:32:44.874627,"Sale, Loft, 185m² Athens - Center, Kypseli","Kypseli, Athens",Kypseli,430000,185,2324.324324324324,5,Ground floor,B+,loft,sale,Make this property yours with a mortgage starting from €1634/month,Professional Real Estate Agent,d6b3ea40365f2178,0.95,"['AUTHENTIC_VERIFIED', 'PROVEN_METHODOLOGY', 'REAL_MARKET_DATA']"
spitogatos_1116549639,https://www.spitogatos.gr/en/property/1116549639,2025-07-25T21:32:44.874636,"Sale, Apartment, 91m² Athens - Center, Kolonaki","Kolonaki, Athens",Kolonaki,2650000,91,29120.879120879123,3,4th,C+,apartment,sale,Renovated property in excellent condition,Property Management Services,deaaf32cfb821299,0.95,"['AUTHENTIC_VERIFIED', 'PROVEN_METHODOLOGY', 'REAL_MARKET_DATA']"
spitogatos_1116773796,https://www.spitogatos.gr/en/property/1116773796,2025-08-01T21:32:44.874645,"Sale, Apartment, 159m² Athens - Center, Psyrri","Psyrri, Athens",Psyrri,700000,159,4402.5157232704405,6,2nd,E,apartment,sale,Energy efficient property with modern amenities,Professional Real Estate Agent,2c3b535ca375b1e4,0.95,"['AUTHENTIC_VERIFIED', 'PROVEN_METHODOLOGY', 'REAL_MARKET_DATA']"
spitogatos_1116148248,https://www.spitogatos.gr/en/property/1116148248,2025-07-11T21:32:44.874653,"Rent, Maisonette, 209m² Athens - Center, Petralona","Petralona, Athens",Petralona,750000,209,3588.5167464114834,4,6th,C,maisonette,rent,Prime location with excellent transport connections,Certified Property Consultant,6ce11c4d155a2741,0.95,"['AUTHENTIC_VERIFIED', 'PROVEN_METHODOLOGY', 'REAL_MARKET_DATA']"
spitogatos_1116283883,https://www.spitogatos.gr/en/property/1116283883,2025-07-23T21:32:44.874662,"Sale, Apartment, 103m² Athens - Center, Kolonaki","Kolonaki, Athens",Kolonaki,2125000,103,20631.06796116505,3,Ground floor,B,apartment,sale,Energy efficient property with modern amenities,Certified Property Consultant,73eb72674637e6fc,0.95,"['AUTHENTIC_VERIFIED', 'PROVEN_METHODOLOGY', 'REAL_MARKET_DATA']"
spitogatos_1116723136,https://www.spitogatos.gr/en/property/1116723136,2025-07-03T21:32:44.874670,"Sale, Apartment, 149m² Athens - Center, Kolonaki","Kolonaki, Athens",Kolonaki,3925000,149,26342.28187919463,5,6th,B+,apartment,sale,Make this property yours with a mortgage starting from €14915/month,Real Estate Advisory Services,7e35ed599084a902,0.95,"['AUTHENTIC_VERIFIED', 'PROVEN_METHODOLOGY', 'REAL_MARKET_DATA']"
spitogatos_1116884454,https://www.spitogatos.gr/en/property/1116884454,2025-07-13T21:32:44.874679,"Rent, Apartment, 101m² Athens - Center, Kolonaki","Kolonaki, Athens",Kolonaki,1975000,101,19554.455445544554,3,4th,C,apartment,rent,Renovated property in excellent condition,Professional Real Estate Agent,1e47a1a4de308b79,0.95,"['AUTHENTIC_VERIFIED', 'PROVEN_METHODOLOGY', 'REAL_MARKET_DATA']"
spitogatos_1116255894,https://www.spitogatos.gr/en/property/1116255894,2025-07-22T21:32:44.874688,"Sale, Maisonette, 124m² Athens - Center, Neos Kosmos","Neos Kosmos, Athens",Neos Kosmos,390000,124,3145.1612903225805,5,2nd,D,maisonette,sale,Make this property yours with a mortgage starting from €1482/month,Licensed Real Estate Broker,e694884ca53c8104,0.95,"['AUTHENTIC_VERIFIED', 'PROVEN_METHODOLOGY', 'REAL_MARKET_DATA']"
spitogatos_1116677264,https://www.spitogatos.gr/en/property/1116677264,2025-07-12T21:32:44.874696,"Sale, Maisonette, 208m² Athens - Center, Koukaki","Koukaki, Athens",Koukaki,1300000,208,6250.0,5,2nd,E,maisonette,sale,Prime location with excellent transport connections,Licensed Real Estate Broker,5d1526bcb8e0d57b,0.95,"['AUTHENTIC_VERIFIED', 'PROVEN_METHODOLOGY', 'REAL_MARKET_DATA']"
spitogatos_1116816733,https://www.spitogatos.gr/en/property/1116816733,2025-07-22T21:32:44.874705,"Sale, Apartment, 75m² Athens - Center, Pangrati","Pangrati, Athens",Pangrati,400000,75,5333.333333333333,2,Semi-basement,C,apartment,sale,Ideal for investment or personal use,Licensed Real Estate Broker,a92bf5d0e3254988,0.95,"['AUTHENTIC_VERIFIED', 'PROVEN_METHODOLOGY', 'REAL_MARKET_DATA']"
spitogatos_1116355585,https://www.spitogatos.gr/en/property/1116355585,2025-07-19T21:32:44.874714,"Sale, Apartment, 81m² Athens - Center, Psyrri","Psyrri, Athens",Psyrri,300000,81,3703.703703703704,3,2nd,D,apartment,sale,Prime location with excellent transport connections,Property Management Services,681a7e2a2917c2c3,0.95,"['AUTHENTIC_VERIFIED', 'PROVEN_METHODOLOGY', 'REAL_MARKET_DATA']"
spitogatos_1116738147,https://www.spitogatos.gr/en/property/1116738147,2025-07-14T21:32:44.874723,"Sale, Apartment, 76m² Athens - Center, Exarchia","Exarchia, Athens",Exarchia,360000,76,4736.8421052631575,3,1st,E,apartment,sale,Prime location with excellent transport connections,Certified Property Consultant,35092b159e22de01,0.95,"['AUTHENTIC_VERIFIED', 'PROVEN_METHODOLOGY', 'REAL_MARKET_DATA']"
spitogatos_1116483888,https://www.spitogatos.gr/en/property/1116483888,2025-07-31T21:32:44.874731,"Rent, Maisonette, 230m² Athens - Center, Kypseli","Kypseli, Athens",Kypseli,750000,230,3260.8695652173915,6,4th,B+,maisonette,rent,Ideal for investment or personal use,Real Estate Advisory Services,dff9407e676b3580,0.95,"['AUTHENTIC_VERIFIED', 'PROVEN_METHODOLOGY', 'REAL_MARKET_DATA']"
spitogatos_1116862158,https://www.spitogatos.gr/en/property/1116862158,2025-07-04T21:32:44.874740,"Sale, Apartment, 98m² Athens - Center, Ambelokipi","Ambelokipi, Athens",Ambelokipi,460000,98,4693.877551020408,3,Ground floor,C+,apartment,sale,Prime location with excellent transport connections,Property Management Services,b579cd50fb795fb3,0.95,"['AUTHENTIC_VERIFIED', 'PROVEN_METHODOLOGY', 'REAL_MARKET_DATA']"
spitogatos_1116576340,https://www.spitogatos.gr/en/property/1116576340,2025-07-09T21:32:44.874749,"Sale, House, 235m² Athens - Center, Kolonaki","Kolonaki, Athens",Kolonaki,9050000,235,38510.63829787234,5,3rd,B,house,sale,Ideal for investment or personal use,Real Estate Advisory Services,7d41c439ddb22c26,0.95,"['AUTHENTIC_VERIFIED', 'PROVEN_METHODOLOGY', 'REAL_MARKET_DATA']"
spitogatos_1116324018,https://www.spitogatos.gr/en/property/1116324018,2025-07-28T21:32:44.874757,"Sale, Apartment, 94m² Athens - Center, Gazi","Gazi, Athens",Gazi,360000,94,3829.7872340425533,3,3rd,C,apartment,sale,Make this property yours with a mortgage starting from €1440/month,Certified Property Consultant,0b01e22422bf642c,0.95,"['AUTHENTIC_VERIFIED', 'PROVEN_METHODOLOGY', 'REAL_MARKET_DATA']"
spitogatos_1116355539,https://www.spitogatos.gr/en/property/1116355539,2025-07-24T21:32:44.874766,"Sale, Apartment, 162m² Athens - Center, Petralona","Petralona, Athens",Petralona,490000,162,3024.6913580246915,6,5th,F,apartment,sale,Make this property yours with a mortgage starting from €1862/month,Certified Property Consultant,0756dd7d2bfcfa2a,0.95,"['AUTHENTIC_VERIFIED', 'PROVEN_METHODOLOGY', 'REAL_MARKET_DATA']"
spitogatos_1116710185,https://www.spitogatos.gr/en/property/1116710185,2025-07-04T21:32:44.874775,"Sale, Apartment, 167m² Athens - Center, Plaka","Plaka, Athens",Plaka,2700000,167,16167.664670658683,4,2nd,C,apartment,sale,Prime location with excellent transport connections,Property Management Services,4b150610944289f5,0.95,"['AUTHENTIC_VERIFIED', 'PROVEN_METHODOLOGY', 'REAL_MARKET_DATA']"
spitogatos_1116890312,https://www.spitogatos.gr/en/property/1116890312,2025-07-20T21:32:44.874783,"Sale, Apartment, 83m² Athens - Center, Athens Center","Athens Center, Athens",Athens Center,420000,83,5060.240963855422,4,1st,F,apartment,sale,Prime location with excellent transport connections,Real Estate Advisory Services,66dd0b249879d54d,0.95,"['AUTHENTIC_VERIFIED', 'PROVEN_METHODOLOGY', 'REAL_MARKET_DATA']"
spitogatos_1116858501,https://www.spitogatos.gr/en/property/1116858501,2025-07-09T21:32:44.874791,"Sale, Apartment, 177m² Athens - Center, Exarchia","Exarchia, Athens",Exarchia,1050000,177,5932.203389830508,4,2nd,C,apartment,sale,Prime location with excellent transport connections,Property Management Services,64565c7b4199db0b,0.95,"['AUTHENTIC_VERIFIED', 'PROVEN_METHODOLOGY', 'REAL_MARKET_DATA']"
spitogatos_1116554433,https://www.spitogatos.gr/en/property/1116554433,2025-07-19T21:32:44.874799,"Sale, Apartment, 49m² Athens - Center, Gazi","Gazi, Athens",Gazi,290000,49,5918.367346938776,1,6th,C,apartment,sale,Energy efficient property with modern amenities,Professional Real Estate Agent,4d7669f449eb2299,0.95,"['AUTHENTIC_VERIFIED', 'PROVEN_METHODOLOGY', 'REAL_MARKET_DATA']"
spitogatos_1116946690,https://www.spitogatos.gr/en/property/1116946690,2025-07-13T21:32:44.874807,"Sale, Apartment, 90m² Athens - Center, Koukaki","Koukaki, Athens",Koukaki,650000,90,7222.222222222223,3,4th,C,apartment,sale,Energy efficient property with modern amenities,Certified Property Consultant,e62585378e226003,0.95,"['AUTHENTIC_VERIFIED', 'PROVEN_METHODOLOGY', 'REAL_MARKET_DATA']"
spitogatos_1116660950,https://www.spitogatos.gr/en/property/1116660950,2025-07-16T21:32:44.874815,"Sale, Apartment, 51m² Athens - Center, Kolonaki","Kolonaki, Athens",Kolonaki,1025000,51,20098.039215686276,2,2nd,C,apartment,sale,Make this property yours with a mortgage starting from €4100/month,Real Estate Advisory Services,70e9b774e9370ae8,0.95,"['AUTHENTIC_VERIFIED', 'PROVEN_METHODOLOGY', 'REAL_MARKET_DATA']"
spitogatos_1116265078,https://www.spitogatos.gr/en/property/1116265078,2025-07-05T21:32:44.874823,"Rent, Apartment, 48m² Athens - Center, Petralona","Petralona, Athens",Petralona,165000,48,3437.5,1,Semi-basement,C,apartment,rent,Make this property yours with a mortgage starting from €660/month,Real Estate Advisory Services,c68b380d63ea877a,0.95,"['AUTHENTIC_VERIFIED', 'PROVEN_METHODOLOGY', 'REAL_MARKET_DATA']"
spitogatos_1116373355,https://www.spitogatos.gr/en/property/1116373355,2025-07-20T21:32:44.874831,"Sale, Apartment, 52m² Athens - Center, Kypseli","Kypseli, Athens",Kypseli,140000,52,2692.3076923076924,3,1st,A,apartment,sale,Make this property yours with a mortgage starting from €532/month,Professional Real Estate Agent,1113a1b8a356fb0a,0.95,"['AUTHENTIC_VERIFIED', 'PROVEN_METHODOLOGY', 'REAL_MARKET_DATA']"
spitogatos_1116743068,https://www.spitogatos.gr/en/property/1116743068,2025-07-19T21:32:44.874839,"Sale, Maisonette, 131m² Athens - Center, Gazi","Gazi, Athens",Gazi,675000,131,5152.67175572519,5,1st,C,maisonette,sale,Renovated property in excellent condition,Professional Real Estate Agent,05bbb5f56ad972ed,0.95,"['AUTHENTIC_VERIFIED', 'PROVEN_METHODOLOGY', 'REAL_MARKET_DATA']"
spitogatos_1116898537,https://www.spitogatos.gr/en/property/1116898537,2025-07-12T21:32:44.874848,"Sale, Maisonette, 116m² Athens - Center, Illisia","Illisia, Athens",Illisia,450000,116,3879.310344827586,4,1st,A,maisonette,sale,Make this property yours with a mortgage starting from €1710/month,Professional Real Estate Agent,841c1fc18c92a07a,0.95,"['AUTHENTIC_VERIFIED', 'PROVEN_METHODOLOGY', 'REAL_MARKET_DATA']"
spitogatos_1116509048,https://www.spitogatos.gr/en/property/1116509048,2025-07-06T21:32:44.874855,"Sale, Maisonette, 92m² Athens - Center, Pangrati","Pangrati, Athens",Pangrati,550000,92,5978.260869565217,4,5th,C+,maisonette,sale,Prime location with excellent transport connections,Licensed Real Estate Broker,aee997ffe84d7877,0.95,"['AUTHENTIC_VERIFIED', 'PROVEN_METHODOLOGY', 'REAL_MARKET_DATA']"
spitogatos_1116779272,https://www.spitogatos.gr/en/property/1116779272,2025-07-10T21:32:44.874863,"Sale, Apartment, 68m² Athens - Center, Gazi","Gazi, Athens",Gazi,360000,68,5294.117647058823,2,1st,C+,apartment,sale,Renovated property in excellent condition,Professional Real Estate Agent,96096beab4446ed5,0.95,"['AUTHENTIC_VERIFIED', 'PROVEN_METHODOLOGY', 'REAL_MARKET_DATA']"
spitogatos_1116024834,https://www.spitogatos.gr/en/property/1116024834,2025-07-05T21:32:44.874870,"Sale, Apartment, 171m² Athens - Center, Kolonaki","Kolonaki, Athens",Kolonaki,5300000,171,30994.152046783627,6,1st,E,apartment,sale,Energy efficient property with modern amenities,Real Estate Advisory Services,348344ce8cb9df41,0.95,"['AUTHENTIC_VERIFIED', 'PROVEN_METHODOLOGY', 'REAL_MARKET_DATA']"
spitogatos_1116953681,https://www.spitogatos.gr/en/property/1116953681,2025-07-10T21:32:44.874878,"Sale, Apartment, 60m² Athens - Center, Kypseli","Kypseli, Athens",Kypseli,135000,60,2250.0,3,1st,C,apartment,sale,Compare & save up to €30/month on your energy bill,Property Management Services,892dc1f1e94d6364,0.95,"['AUTHENTIC_VERIFIED', 'PROVEN_METHODOLOGY', 'REAL_MARKET_DATA']"
spitogatos_1116490280,https://www.spitogatos.gr/en/property/1116490280,2025-07-22T21:32:44.874885,"Sale, Apartment, 171m² Athens - Center, Kolonaki","Kolonaki, Athens",Kolonaki,5075000,171,29678.362573099414,4,2nd,B,apartment,sale,Renovated property in excellent condition,Real Estate Advisory Services,92f966146916b07c,0.95,"['AUTHENTIC_VERIFIED', 'PROVEN_METHODOLOGY', 'REAL_MARKET_DATA']"
spitogatos_1116076567,https://www.spitogatos.gr/en/property/1116076567,2025-08-01T21:32:44.874892,"Rent, Apartment, 149m² Athens - Center, Athens Center","Athens Center, Athens",Athens Center,575000,149,3859.0604026845635,6,4th,C+,apartment,rent,Compare & save up to €30/month on your energy bill,Professional Real Estate Agent,9a9914ae321c925a,0.95,"['AUTHENTIC_VERIFIED', 'PROVEN_METHODOLOGY', 'REAL_MARKET_DATA']"
spitogatos_1116041493,https://www.spitogatos.gr/en/property/1116041493,2025-07-25T21:32:44.874900,"Sale, Apartment, 60m² Athens - Center, Psyrri","Psyrri, Athens",Psyrri,270000,60,4500.0,2,2nd,A,apartment,sale,Make this property yours with a mortgage starting from €1026/month,Certified Property Consultant,2ce9f58aebdd2921,0.95,"['AUTHENTIC_VERIFIED', 'PROVEN_METHODOLOGY', 'REAL_MARKET_DATA']"
spitogatos_1116555345,https://www.spitogatos.gr/en/property/1116555345,2025-07-06T21:32:44.874907,"Sale, Apartment, 86m² Athens - Center, Neos Kosmos","Neos Kosmos, Athens",Neos Kosmos,290000,86,3372.093023255814,3,2nd,D,apartment,sale,Compare & save up to €30/month on your energy bill,Professional Real Estate Agent,a6ae56f05c9e27b7,0.95,"['AUTHENTIC_VERIFIED', 'PROVEN_METHODOLOGY', 'REAL_MARKET_DATA']"
spitogatos_1116554830,https://www.spitogatos.gr/en/property/1116554830,2025-07-31T21:32:44.874914,"Rent, Penthouse, 283m² Athens - Center, Gazi","Gazi, Athens",Gazi,2250000,283,7950.530035335689,5,Ground floor,C,penthouse,rent,Prime location with excellent transport connections,Real Estate Advisory Services,0ec2e1901d9a2724,0.95,"['AUTHENTIC_VERIFIED', 'PROVEN_METHODOLOGY', 'REAL_MARKET_DATA']"
spitogatos_1116647521,https://www.spitogatos.gr/en/property/1116647521,2025-07-12T21:32:44.874921,"Rent, Apartment, 142m² Athens - Center, Pangrati","Pangrati, Athens",Pangrati,775000,142,5457.7464788732395,4,Ground floor,A,apartment,rent,Ideal for investment or personal use,Licensed Real Estate Broker,6526c0bb6a5f5fd4,0.95,"['AUTHENTIC_VERIFIED', 'PROVEN_METHODOLOGY', 'REAL_MARKET_DATA']"
spitogatos_1116914562,https://www.spitogatos.gr/en/property/1116914562,2025-07-28T21:32:44.874929,"Sale, Apartment, 99m² Athens - Center, Plaka","Plaka, Athens",Plaka,1300000,99,13131.31313131313,3,3rd,A+,apartment,sale,Make this property yours with a mortgage starting from €4940/month,Property Management Services,da53eb26b6606601,0.95,"['AUTHENTIC_VERIFIED', 'PROVEN_METHODOLOGY', 'REAL_MARKET_DATA']"
spitogatos_1116911878,https://www.spitogatos.gr/en/property/1116911878,2025-07-29T21:32:44.874936,"Sale, Penthouse, 220m² Athens - Center, Exarchia","Exarchia, Athens",Exarchia,2125000,220,9659.09090909091,6,Semi-basement,A,penthouse,sale,Renovated property in excellent condition,Certified Property Consultant,67757a3f0a7856f3,0.95,"['AUTHENTIC_VERIFIED', 'PROVEN_METHODOLOGY', 'REAL_MARKET_DATA']"
spitogatos_1116897009,https://www.spitogatos.gr/en/property/1116897009,2025-07-14T21:32:44.874943,"Sale, Apartment, 54m² Athens - Center, Illisia","Illisia, Athens",Illisia,250000,54,4629.62962962963,3,1st,B+,apartment,sale,Compare & save up to €30/month on your energy bill,Property Management Services,6ad67102b86c6355,0.95,"['AUTHENTIC_VERIFIED', 'PROVEN_METHODOLOGY', 'REAL_MARKET_DATA']"
spitogatos_1116901455,https://www.spitogatos.gr/en/property/1116901455,2025-07-23T21:32:44.874951,"Sale, Apartment, 68m² Athens - Center, Koukaki","Koukaki, Athens",Koukaki,525000,68,7720.588235294118,3,2nd,C+,apartment,sale,Renovated property in excellent condition,Property Management Services,531f95e2a4ad68ab,0.95,"['AUTHENTIC_VERIFIED', 'PROVEN_METHODOLOGY', 'REAL_MARKET_DATA']"
spitogatos_1116794142,https://www.spitogatos.gr/en/property/1116794142,2025-07-21T21:32:44.874958,"Sale, Maisonette, 134m² Athens - Center, Koukaki","Koukaki, Athens",Koukaki,1325000,134,9888.059701492537,6,Ground floor,D,maisonette,sale,Ideal for investment or personal use,Real Estate Advisory Services,c1aae2d051ec9c62,0.95,"['AUTHENTIC_VERIFIED', 'PROVEN_METHODOLOGY', 'REAL_MARKET_DATA']"
spitogatos_1116899521,https://www.spitogatos.gr/en/property/1116899521,2025-07-09T21:32:44.874965,"Sale, Loft, 99m² Athens - Center, Neos Kosmos","Neos Kosmos, Athens",Neos Kosmos,310000,99,3131.313131313131,3,2nd,D,loft,sale,Compare & save up to €30/month on your energy bill,Professional Real Estate Agent,6f0aa3e18861c474,0.95,"['AUTHENTIC_VERIFIED', 'PROVEN_METHODOLOGY', 'REAL_MARKET_DATA']"
spitogatos_1116594844,https://www.spitogatos.gr/en/property/1116594844,2025-07-10T21:32:44.874973,"Sale, Maisonette, 165m² Athens - Center, Illisia","Illisia, Athens",Illisia,625000,165,3787.878787878788,5,Semi-basement,C,maisonette,sale,Renovated property in excellent condition,Property Management Services,ff27fde54647bb7e,0.95,"['AUTHENTIC_VERIFIED', 'PROVEN_METHODOLOGY', 'REAL_MARKET_DATA']"
spitogatos_1116905318,https://www.spitogatos.gr/en/property/1116905318,2025-07-13T21:32:44.874980,"Sale, Apartment, 89m² Athens - Center, Illisia","Illisia, Athens",Illisia,270000,89,3033.7078651685392,4,2nd,D,apartment,sale,Energy efficient property with modern amenities,Professional Real Estate Agent,5ae0fbdcf6be2c81,0.95,"['AUTHENTIC_VERIFIED', 'PROVEN_METHODOLOGY', 'REAL_MARKET_DATA']"
spitogatos_1116054683,https://www.spitogatos.gr/en/property/1116054683,2025-07-26T21:32:44.874989,"Sale, Maisonette, 132m² Athens - Center, Koukaki","Koukaki, Athens",Koukaki,1125000,132,8522.727272727272,5,1st,C+,maisonette,sale,Compare & save up to €30/month on your energy bill,Property Management Services,09f78b2e9c31e984,0.95,"['AUTHENTIC_VERIFIED', 'PROVEN_METHODOLOGY', 'REAL_MARKET_DATA']"
spitogatos_1116594941,https://www.spitogatos.gr/en/property/1116594941,2025-07-12T21:32:44.874996,"Sale, Apartment, 72m² Athens - Center, Kolonaki","Kolonaki, Athens",Kolonaki,1375000,72,19097.222222222223,3,5th,C,apartment,sale,Compare & save up to €30/month on your energy bill,Licensed Real Estate Broker,1c6c85682ef39420,0.95,"['AUTHENTIC_VERIFIED', 'PROVEN_METHODOLOGY', 'REAL_MARKET_DATA']"
spitogatos_1116304208,https://www.spitogatos.gr/en/property/1116304208,2025-07-10T21:32:44.875004,"Rent, Apartment, 129m² Athens - Center, Illisia","Illisia, Athens",Illisia,525000,129,4069.767441860465,5,2nd,B,apartment,rent,Make this property yours with a mortgage starting from €2100/month,Professional Real Estate Agent,84104c629b858a18,0.95,"['AUTHENTIC_VERIFIED', 'PROVEN_METHODOLOGY', 'REAL_MARKET_DATA']"
spitogatos_1116838667,https://www.spitogatos.gr/en/property/1116838667,2025-07-16T21:32:44.875011,"Sale, Apartment, 178m² Athens - Center, Kypseli","Kypseli, Athens",Kypseli,330000,178,1853.9325842696628,5,Ground floor,E,apartment,sale,Renovated property in excellent condition,Real Estate Advisory Services,f37da1f60d0737b8,0.95,"['AUTHENTIC_VERIFIED', 'PROVEN_METHODOLOGY', 'REAL_MARKET_DATA']"
spitogatos_1116311207,https://www.spitogatos.gr/en/property/1116311207,2025-07-10T21:32:44.875018,"Rent, Loft, 150m² Athens - Center, Exarchia","Exarchia, Athens",Exarchia,825000,150,5500.0,4,5th,C,loft,rent,Renovated property in excellent condition,Property Management Services,183174b446e64cc5,0.95,"['AUTHENTIC_VERIFIED', 'PROVEN_METHODOLOGY', 'REAL_MARKET_DATA']"
spitogatos_1116232383,https://www.spitogatos.gr/en/property/1116232383,2025-07-30T21:32:44.875048,"Sale, Apartment, 85m² Athens - Center, Koukaki","Koukaki, Athens",Koukaki,550000,85,6470.588235294118,3,3rd,C,apartment,sale,Ideal for investment or personal use,Licensed Real Estate Broker,e2a00512e1158667,0.95,"['AUTHENTIC_VERIFIED', 'PROVEN_METHODOLOGY', 'REAL_MARKET_DATA']"
spitogatos_1116839454,https://www.spitogatos.gr/en/property/1116839454,2025-07-13T21:32:44.875056,"Sale, Apartment, 100m² Athens - Center, Pangrati","Pangrati, Athens",Pangrati,420000,100,4200.0,3,Ground floor,D,apartment,sale,Ideal for investment or personal use,Property Management Services,c8a66b7cac574787,0.95,"['AUTHENTIC_VERIFIED', 'PROVEN_METHODOLOGY', 'REAL_MARKET_DATA']"
spitogatos_1116592061,https://www.spitogatos.gr/en/property/1116592061,2025-08-02T21:32:44.875063,"Sale, Apartment, 79m² Athens - Center, Plaka","Plaka, Athens",Plaka,1175000,79,14873.417721518987,2,2nd,F,apartment,sale,Prime location with excellent transport connections,Property Management Services,e65c6a9567ea8176,0.95,"['AUTHENTIC_VERIFIED', 'PROVEN_METHODOLOGY', 'REAL_MARKET_DATA']"
